{
  "process_noise": {
    "gyro_noise": 0.00019594769154787173,
    "accel_noise": 0.000951127341513845,
    "gyro_bias_noise": 2.2978350406901126e-05,
    "accel_bias_noise": 8.313166410690882e-05
  },
  "measurement_noise": {
    "accel_std": [
      0.009475627951602669,
      0.010514178004978943,
      0.011508458786220237
    ],
    "gyro_std": [
      0.001598147547786552,
      0.0015556363098058377,
      0.0015660919621539458
    ],
    "mag_std": [
      0.5711544245301241,
      0.6368107285812902,
      0.7086066173297294
    ],
    "baro_noise": 0.09890449826591166,
    "tof_noise": 0.0012618229040439344,
    "flow_noise": 0.7386523670963239
  },
  "statistics": {
    "accel_mean": [
      -0.23899872206733638,
      0.1521227932140691,
      -9.831302703561864
    ],
    "gyro_mean": [
      -0.0017867536103066165,
      -0.0016983529492616619,
      0.003880531942698673
    ],
    "gyro_bias_estimate": [
      -0.0017867536103066165,
      -0.0016983529492616619,
      0.003880531942698673
    ],
    "accel_bias_estimate": [
      -0.23899872206733638,
      0.1521227932140691,
      -19.641302703561863
    ]
  },
  "analysis": {
    "sample_rate_hz": 100.0,
    "samples": 1523,
    "duration_sec": 15.289,
    "timestamp": "2025-11-30T15:04:04.718336"
  }
}